Agentúra,Dátum,Hodnota,Priemer,Strana,size
FOCUS,2023-01-13,0.03332614160537948,Aliancia,Aliancia,1
Polis,2023-01-13,0.03332614160537948,Aliancia,Aliancia,1
AKO,2023-01-13,0.03332614160537948,Aliancia,Aliancia,1
Median,2023-01-13,0.03332614160537948,Aliancia,Aliancia,1
IPSOS,2023-01-13,0.03332614160537948,Aliancia,Aliancia,1
NMS,2023-01-13,0.03332614160537948,Aliancia,Aliancia,1
FOCUS,2023-01-13,0.062361376108457725,KDH,KDH,1
Polis,2023-01-13,0.062361376108457725,KDH,KDH,1
AKO,2023-01-13,0.062361376108457725,KDH,KDH,1
Median,2023-01-13,0.062361376108457725,KDH,KDH,1
IPSOS,2023-01-13,0.062361376108457725,KDH,KDH,1
NMS,2023-01-13,0.062361376108457725,KDH,KDH,1
FOCUS,2023-01-13,0.07431341214821507,OĽaNO,OĽaNO,1
Polis,2023-01-13,0.07431341214821507,OĽaNO,OĽaNO,1
AKO,2023-01-13,0.07431341214821507,OĽaNO,OĽaNO,1
Median,2023-01-13,0.07431341214821507,OĽaNO,OĽaNO,1
IPSOS,2023-01-13,0.07431341214821507,OĽaNO,OĽaNO,1
NMS,2023-01-13,0.07431341214821507,OĽaNO,OĽaNO,1
FOCUS,2023-01-13,0.075400880246757,SME Rodina,SME Rodina,1
Polis,2023-01-13,0.075400880246757,SME Rodina,SME Rodina,1
AKO,2023-01-13,0.075400880246757,SME Rodina,SME Rodina,1
Median,2023-01-13,0.075400880246757,SME Rodina,SME Rodina,1
IPSOS,2023-01-13,0.075400880246757,SME Rodina,SME Rodina,1
NMS,2023-01-13,0.075400880246757,SME Rodina,SME Rodina,1
FOCUS,2023-01-13,0.03242389280754795,SNS,SNS,1
Polis,2023-01-13,0.03242389280754795,SNS,SNS,1
AKO,2023-01-13,0.03242389280754795,SNS,SNS,1
Median,2023-01-13,0.03242389280754795,SNS,SNS,1
IPSOS,2023-01-13,0.03242389280754795,SNS,SNS,1
NMS,2023-01-13,0.03242389280754795,SNS,SNS,1
FOCUS,2023-01-13,0.07353670234981291,SaS,SaS,1
Polis,2023-01-13,0.07353670234981291,SaS,SaS,1
AKO,2023-01-13,0.07353670234981291,SaS,SaS,1
Median,2023-01-13,0.07353670234981291,SaS,SaS,1
IPSOS,2023-01-13,0.07353670234981291,SaS,SaS,1
NMS,2023-01-13,0.07353670234981291,SaS,SaS,1
FOCUS,2023-01-19,0.033590132237241006,Aliancia,Aliancia,1
Polis,2023-01-19,0.033590132237241006,Aliancia,Aliancia,1
AKO,2023-01-19,0.033590132237241006,Aliancia,Aliancia,1
Median,2023-01-19,0.033590132237241006,Aliancia,Aliancia,1
IPSOS,2023-01-19,0.033590132237241006,Aliancia,Aliancia,1
NMS,2023-01-19,0.033590132237241006,Aliancia,Aliancia,1
FOCUS,2023-01-19,0.062477460207387606,KDH,KDH,1
Polis,2023-01-19,0.062477460207387606,KDH,KDH,1
AKO,2023-01-19,0.062477460207387606,KDH,KDH,1
Median,2023-01-19,0.062477460207387606,KDH,KDH,1
IPSOS,2023-01-19,0.062477460207387606,KDH,KDH,1
NMS,2023-01-19,0.062477460207387606,KDH,KDH,1
FOCUS,2023-01-19,0.07384956624502614,OĽaNO,OĽaNO,1
Polis,2023-01-19,0.07384956624502614,OĽaNO,OĽaNO,1
AKO,2023-01-19,0.07384956624502614,OĽaNO,OĽaNO,1
Median,2023-01-19,0.07384956624502614,OĽaNO,OĽaNO,1
IPSOS,2023-01-19,0.07384956624502614,OĽaNO,OĽaNO,1
NMS,2023-01-19,0.07384956624502614,OĽaNO,OĽaNO,1
FOCUS,2023-01-19,0.07613493271076319,SME Rodina,SME Rodina,1
Polis,2023-01-19,0.07613493271076319,SME Rodina,SME Rodina,1
AKO,2023-01-19,0.07613493271076319,SME Rodina,SME Rodina,1
Median,2023-01-19,0.07613493271076319,SME Rodina,SME Rodina,1
IPSOS,2023-01-19,0.07613493271076319,SME Rodina,SME Rodina,1
NMS,2023-01-19,0.07613493271076319,SME Rodina,SME Rodina,1
FOCUS,2023-01-19,0.03248233742026733,SNS,SNS,1
Polis,2023-01-19,0.03248233742026733,SNS,SNS,1
AKO,2023-01-19,0.03248233742026733,SNS,SNS,1
Median,2023-01-19,0.03248233742026733,SNS,SNS,1
IPSOS,2023-01-19,0.03248233742026733,SNS,SNS,1
NMS,2023-01-19,0.03248233742026733,SNS,SNS,1
FOCUS,2023-01-19,0.07227323089797237,SaS,SaS,1
Polis,2023-01-19,0.07227323089797237,SaS,SaS,1
AKO,2023-01-19,0.07227323089797237,SaS,SaS,1
Median,2023-01-19,0.07227323089797237,SaS,SaS,1
IPSOS,2023-01-19,0.07227323089797237,SaS,SaS,1
NMS,2023-01-19,0.07227323089797237,SaS,SaS,1
FOCUS,2023-01-22,0.03374921682086042,Aliancia,Aliancia,1
Polis,2023-01-22,0.03374921682086042,Aliancia,Aliancia,1
AKO,2023-01-22,0.03374921682086042,Aliancia,Aliancia,1
Median,2023-01-22,0.03374921682086042,Aliancia,Aliancia,1
IPSOS,2023-01-22,0.03374921682086042,Aliancia,Aliancia,1
NMS,2023-01-22,0.03374921682086042,Aliancia,Aliancia,1
FOCUS,2023-01-22,0.062470663055214926,KDH,KDH,1
Polis,2023-01-22,0.062470663055214926,KDH,KDH,1
AKO,2023-01-22,0.062470663055214926,KDH,KDH,1
Median,2023-01-22,0.062470663055214926,KDH,KDH,1
IPSOS,2023-01-22,0.062470663055214926,KDH,KDH,1
NMS,2023-01-22,0.062470663055214926,KDH,KDH,1
FOCUS,2023-01-22,0.07346626280021111,OĽaNO,OĽaNO,1
Polis,2023-01-22,0.07346626280021111,OĽaNO,OĽaNO,1
AKO,2023-01-22,0.07346626280021111,OĽaNO,OĽaNO,1
Median,2023-01-22,0.07346626280021111,OĽaNO,OĽaNO,1
IPSOS,2023-01-22,0.07346626280021111,OĽaNO,OĽaNO,1
NMS,2023-01-22,0.07346626280021111,OĽaNO,OĽaNO,1
FOCUS,2023-01-22,0.07637987454038449,SME Rodina,SME Rodina,1
Polis,2023-01-22,0.07637987454038449,SME Rodina,SME Rodina,1
AKO,2023-01-22,0.07637987454038449,SME Rodina,SME Rodina,1
Median,2023-01-22,0.07637987454038449,SME Rodina,SME Rodina,1
IPSOS,2023-01-22,0.07637987454038449,SME Rodina,SME Rodina,1
NMS,2023-01-22,0.07637987454038449,SME Rodina,SME Rodina,1
FOCUS,2023-01-22,0.03259212914119656,SNS,SNS,1
Polis,2023-01-22,0.03259212914119656,SNS,SNS,1
AKO,2023-01-22,0.03259212914119656,SNS,SNS,1
Median,2023-01-22,0.03259212914119656,SNS,SNS,1
IPSOS,2023-01-22,0.03259212914119656,SNS,SNS,1
NMS,2023-01-22,0.03259212914119656,SNS,SNS,1
FOCUS,2023-01-22,0.07177112312528074,SaS,SaS,1
Polis,2023-01-22,0.07177112312528074,SaS,SaS,1
AKO,2023-01-22,0.07177112312528074,SaS,SaS,1
Median,2023-01-22,0.07177112312528074,SaS,SaS,1
IPSOS,2023-01-22,0.07177112312528074,SaS,SaS,1
NMS,2023-01-22,0.07177112312528074,SaS,SaS,1
FOCUS,2023-01-30,0.0337675587983887,Aliancia,Aliancia,1
Polis,2023-01-30,0.0337675587983887,Aliancia,Aliancia,1
AKO,2023-01-30,0.0337675587983887,Aliancia,Aliancia,1
Median,2023-01-30,0.0337675587983887,Aliancia,Aliancia,1
IPSOS,2023-01-30,0.0337675587983887,Aliancia,Aliancia,1
NMS,2023-01-30,0.0337675587983887,Aliancia,Aliancia,1
FOCUS,2023-01-30,0.0623587829862912,KDH,KDH,1
Polis,2023-01-30,0.0623587829862912,KDH,KDH,1
AKO,2023-01-30,0.0623587829862912,KDH,KDH,1
Median,2023-01-30,0.0623587829862912,KDH,KDH,1
IPSOS,2023-01-30,0.0623587829862912,KDH,KDH,1
NMS,2023-01-30,0.0623587829862912,KDH,KDH,1
FOCUS,2023-01-30,0.0716536810561632,OĽaNO,OĽaNO,1
Polis,2023-01-30,0.0716536810561632,OĽaNO,OĽaNO,1
AKO,2023-01-30,0.0716536810561632,OĽaNO,OĽaNO,1
Median,2023-01-30,0.0716536810561632,OĽaNO,OĽaNO,1
IPSOS,2023-01-30,0.0716536810561632,OĽaNO,OĽaNO,1
NMS,2023-01-30,0.0716536810561632,OĽaNO,OĽaNO,1
FOCUS,2023-01-30,0.07498597382896295,SME Rodina,SME Rodina,1
Polis,2023-01-30,0.07498597382896295,SME Rodina,SME Rodina,1
AKO,2023-01-30,0.07498597382896295,SME Rodina,SME Rodina,1
Median,2023-01-30,0.07498597382896295,SME Rodina,SME Rodina,1
IPSOS,2023-01-30,0.07498597382896295,SME Rodina,SME Rodina,1
NMS,2023-01-30,0.07498597382896295,SME Rodina,SME Rodina,1
FOCUS,2023-01-30,0.03365031914576997,SNS,SNS,1
Polis,2023-01-30,0.03365031914576997,SNS,SNS,1
AKO,2023-01-30,0.03365031914576997,SNS,SNS,1
Median,2023-01-30,0.03365031914576997,SNS,SNS,1
IPSOS,2023-01-30,0.03365031914576997,SNS,SNS,1
NMS,2023-01-30,0.03365031914576997,SNS,SNS,1
FOCUS,2023-01-30,0.07010791107314514,SaS,SaS,1
Polis,2023-01-30,0.07010791107314514,SaS,SaS,1
AKO,2023-01-30,0.07010791107314514,SaS,SaS,1
Median,2023-01-30,0.07010791107314514,SaS,SaS,1
IPSOS,2023-01-30,0.07010791107314514,SaS,SaS,1
NMS,2023-01-30,0.07010791107314514,SaS,SaS,1
FOCUS,2023-02-04,0.03328061306451926,Aliancia,Aliancia,1
Polis,2023-02-04,0.03328061306451926,Aliancia,Aliancia,1
AKO,2023-02-04,0.03328061306451926,Aliancia,Aliancia,1
Median,2023-02-04,0.03328061306451926,Aliancia,Aliancia,1
IPSOS,2023-02-04,0.03328061306451926,Aliancia,Aliancia,1
NMS,2023-02-04,0.03328061306451926,Aliancia,Aliancia,1
FOCUS,2023-02-04,0.06275804860399951,KDH,KDH,1
Polis,2023-02-04,0.06275804860399951,KDH,KDH,1
AKO,2023-02-04,0.06275804860399951,KDH,KDH,1
Median,2023-02-04,0.06275804860399951,KDH,KDH,1
IPSOS,2023-02-04,0.06275804860399951,KDH,KDH,1
NMS,2023-02-04,0.06275804860399951,KDH,KDH,1
FOCUS,2023-02-04,0.07057834751571933,OĽaNO,OĽaNO,1
Polis,2023-02-04,0.07057834751571933,OĽaNO,OĽaNO,1
AKO,2023-02-04,0.07057834751571933,OĽaNO,OĽaNO,1
Median,2023-02-04,0.07057834751571933,OĽaNO,OĽaNO,1
IPSOS,2023-02-04,0.07057834751571933,OĽaNO,OĽaNO,1
NMS,2023-02-04,0.07057834751571933,OĽaNO,OĽaNO,1
FOCUS,2023-02-04,0.07454463434087127,SME Rodina,SME Rodina,1
Polis,2023-02-04,0.07454463434087127,SME Rodina,SME Rodina,1
AKO,2023-02-04,0.07454463434087127,SME Rodina,SME Rodina,1
Median,2023-02-04,0.07454463434087127,SME Rodina,SME Rodina,1
IPSOS,2023-02-04,0.07454463434087127,SME Rodina,SME Rodina,1
NMS,2023-02-04,0.07454463434087127,SME Rodina,SME Rodina,1
FOCUS,2023-02-04,0.03410689810096986,SNS,SNS,1
Polis,2023-02-04,0.03410689810096986,SNS,SNS,1
AKO,2023-02-04,0.03410689810096986,SNS,SNS,1
Median,2023-02-04,0.03410689810096986,SNS,SNS,1
IPSOS,2023-02-04,0.03410689810096986,SNS,SNS,1
NMS,2023-02-04,0.03410689810096986,SNS,SNS,1
FOCUS,2023-02-04,0.06981421549874291,SaS,SaS,1
Polis,2023-02-04,0.06981421549874291,SaS,SaS,1
AKO,2023-02-04,0.06981421549874291,SaS,SaS,1
Median,2023-02-04,0.06981421549874291,SaS,SaS,1
IPSOS,2023-02-04,0.06981421549874291,SaS,SaS,1
NMS,2023-02-04,0.06981421549874291,SaS,SaS,1
FOCUS,2023-02-10,0.03219355550160193,Aliancia,Aliancia,1
Polis,2023-02-10,0.03219355550160193,Aliancia,Aliancia,1
AKO,2023-02-10,0.03219355550160193,Aliancia,Aliancia,1
Median,2023-02-10,0.03219355550160193,Aliancia,Aliancia,1
IPSOS,2023-02-10,0.03219355550160193,Aliancia,Aliancia,1
NMS,2023-02-10,0.03219355550160193,Aliancia,Aliancia,1
FOCUS,2023-02-10,0.0629434241608599,KDH,KDH,1
Polis,2023-02-10,0.0629434241608599,KDH,KDH,1
AKO,2023-02-10,0.0629434241608599,KDH,KDH,1
Median,2023-02-10,0.0629434241608599,KDH,KDH,1
IPSOS,2023-02-10,0.0629434241608599,KDH,KDH,1
NMS,2023-02-10,0.0629434241608599,KDH,KDH,1
FOCUS,2023-02-10,0.06962334472513776,OĽaNO,OĽaNO,1
Polis,2023-02-10,0.06962334472513776,OĽaNO,OĽaNO,1
AKO,2023-02-10,0.06962334472513776,OĽaNO,OĽaNO,1
Median,2023-02-10,0.06962334472513776,OĽaNO,OĽaNO,1
IPSOS,2023-02-10,0.06962334472513776,OĽaNO,OĽaNO,1
NMS,2023-02-10,0.06962334472513776,OĽaNO,OĽaNO,1
FOCUS,2023-02-10,0.07392308687799112,SME Rodina,SME Rodina,1
Polis,2023-02-10,0.07392308687799112,SME Rodina,SME Rodina,1
AKO,2023-02-10,0.07392308687799112,SME Rodina,SME Rodina,1
Median,2023-02-10,0.07392308687799112,SME Rodina,SME Rodina,1
IPSOS,2023-02-10,0.07392308687799112,SME Rodina,SME Rodina,1
NMS,2023-02-10,0.07392308687799112,SME Rodina,SME Rodina,1
FOCUS,2023-02-10,0.03455246860454632,SNS,SNS,1
Polis,2023-02-10,0.03455246860454632,SNS,SNS,1
AKO,2023-02-10,0.03455246860454632,SNS,SNS,1
Median,2023-02-10,0.03455246860454632,SNS,SNS,1
IPSOS,2023-02-10,0.03455246860454632,SNS,SNS,1
NMS,2023-02-10,0.03455246860454632,SNS,SNS,1
FOCUS,2023-02-10,0.0702222047008537,SaS,SaS,1
Polis,2023-02-10,0.0702222047008537,SaS,SaS,1
AKO,2023-02-10,0.0702222047008537,SaS,SaS,1
Median,2023-02-10,0.0702222047008537,SaS,SaS,1
IPSOS,2023-02-10,0.0702222047008537,SaS,SaS,1
NMS,2023-02-10,0.0702222047008537,SaS,SaS,1
FOCUS,2023-02-17,0.03153557350064359,Aliancia,Aliancia,1
FOCUS,2023-02-17,0.03153557350064359,Aliancia,Aliancia,1
Polis,2023-02-17,0.03153557350064359,Aliancia,Aliancia,1
Polis,2023-02-17,0.03153557350064359,Aliancia,Aliancia,1
AKO,2023-02-17,0.03153557350064359,Aliancia,Aliancia,1
AKO,2023-02-17,0.03153557350064359,Aliancia,Aliancia,1
Median,2023-02-17,0.03153557350064359,Aliancia,Aliancia,1
Median,2023-02-17,0.03153557350064359,Aliancia,Aliancia,1
IPSOS,2023-02-17,0.03153557350064359,Aliancia,Aliancia,1
IPSOS,2023-02-17,0.03153557350064359,Aliancia,Aliancia,1
NMS,2023-02-17,0.03153557350064359,Aliancia,Aliancia,1
NMS,2023-02-17,0.03153557350064359,Aliancia,Aliancia,1
FOCUS,2023-02-17,0.06284312267567481,KDH,KDH,1
FOCUS,2023-02-17,0.06284312267567481,KDH,KDH,1
Polis,2023-02-17,0.06284312267567481,KDH,KDH,1
Polis,2023-02-17,0.06284312267567481,KDH,KDH,1
AKO,2023-02-17,0.06284312267567481,KDH,KDH,1
AKO,2023-02-17,0.06284312267567481,KDH,KDH,1
Median,2023-02-17,0.06284312267567481,KDH,KDH,1
Median,2023-02-17,0.06284312267567481,KDH,KDH,1
IPSOS,2023-02-17,0.06284312267567481,KDH,KDH,1
IPSOS,2023-02-17,0.06284312267567481,KDH,KDH,1
NMS,2023-02-17,0.06284312267567481,KDH,KDH,1
NMS,2023-02-17,0.06284312267567481,KDH,KDH,1
FOCUS,2023-02-17,0.068368465993749,OĽaNO,OĽaNO,1
FOCUS,2023-02-17,0.068368465993749,OĽaNO,OĽaNO,1
Polis,2023-02-17,0.068368465993749,OĽaNO,OĽaNO,1
Polis,2023-02-17,0.068368465993749,OĽaNO,OĽaNO,1
AKO,2023-02-17,0.068368465993749,OĽaNO,OĽaNO,1
AKO,2023-02-17,0.068368465993749,OĽaNO,OĽaNO,1
Median,2023-02-17,0.068368465993749,OĽaNO,OĽaNO,1
Median,2023-02-17,0.068368465993749,OĽaNO,OĽaNO,1
IPSOS,2023-02-17,0.068368465993749,OĽaNO,OĽaNO,1
IPSOS,2023-02-17,0.068368465993749,OĽaNO,OĽaNO,1
NMS,2023-02-17,0.068368465993749,OĽaNO,OĽaNO,1
NMS,2023-02-17,0.068368465993749,OĽaNO,OĽaNO,1
FOCUS,2023-02-17,0.07336872732827898,SME Rodina,SME Rodina,1
FOCUS,2023-02-17,0.07336872732827898,SME Rodina,SME Rodina,1
Polis,2023-02-17,0.07336872732827898,SME Rodina,SME Rodina,1
Polis,2023-02-17,0.07336872732827898,SME Rodina,SME Rodina,1
AKO,2023-02-17,0.07336872732827898,SME Rodina,SME Rodina,1
AKO,2023-02-17,0.07336872732827898,SME Rodina,SME Rodina,1
Median,2023-02-17,0.07336872732827898,SME Rodina,SME Rodina,1
Median,2023-02-17,0.07336872732827898,SME Rodina,SME Rodina,1
IPSOS,2023-02-17,0.07336872732827898,SME Rodina,SME Rodina,1
IPSOS,2023-02-17,0.07336872732827898,SME Rodina,SME Rodina,1
NMS,2023-02-17,0.07336872732827898,SME Rodina,SME Rodina,1
NMS,2023-02-17,0.07336872732827898,SME Rodina,SME Rodina,1
FOCUS,2023-02-17,0.034778133797994264,SNS,SNS,1
FOCUS,2023-02-17,0.034778133797994264,SNS,SNS,1
Polis,2023-02-17,0.034778133797994264,SNS,SNS,1
Polis,2023-02-17,0.034778133797994264,SNS,SNS,1
AKO,2023-02-17,0.034778133797994264,SNS,SNS,1
AKO,2023-02-17,0.034778133797994264,SNS,SNS,1
Median,2023-02-17,0.034778133797994264,SNS,SNS,1
Median,2023-02-17,0.034778133797994264,SNS,SNS,1
IPSOS,2023-02-17,0.034778133797994264,SNS,SNS,1
IPSOS,2023-02-17,0.034778133797994264,SNS,SNS,1
NMS,2023-02-17,0.034778133797994264,SNS,SNS,1
NMS,2023-02-17,0.034778133797994264,SNS,SNS,1
FOCUS,2023-02-17,0.07023467186223352,SaS,SaS,1
FOCUS,2023-02-17,0.07023467186223352,SaS,SaS,1
Polis,2023-02-17,0.07023467186223352,SaS,SaS,1
Polis,2023-02-17,0.07023467186223352,SaS,SaS,1
AKO,2023-02-17,0.07023467186223352,SaS,SaS,1
AKO,2023-02-17,0.07023467186223352,SaS,SaS,1
Median,2023-02-17,0.07023467186223352,SaS,SaS,1
Median,2023-02-17,0.07023467186223352,SaS,SaS,1
IPSOS,2023-02-17,0.07023467186223352,SaS,SaS,1
IPSOS,2023-02-17,0.07023467186223352,SaS,SaS,1
NMS,2023-02-17,0.07023467186223352,SaS,SaS,1
NMS,2023-02-17,0.07023467186223352,SaS,SaS,1
FOCUS,2023-03-04,,Aliancia,Aliancia,1
Polis,2023-03-04,,Aliancia,Aliancia,1
AKO,2023-03-04,,Aliancia,Aliancia,1
Median,2023-03-04,,Aliancia,Aliancia,1
IPSOS,2023-03-04,,Aliancia,Aliancia,1
NMS,2023-03-04,,Aliancia,Aliancia,1
FOCUS,2023-03-04,0.06247485749577009,KDH,KDH,1
Polis,2023-03-04,0.06247485749577009,KDH,KDH,1
AKO,2023-03-04,0.06247485749577009,KDH,KDH,1
Median,2023-03-04,0.06247485749577009,KDH,KDH,1
IPSOS,2023-03-04,0.06247485749577009,KDH,KDH,1
NMS,2023-03-04,0.06247485749577009,KDH,KDH,1
FOCUS,2023-03-04,0.06412182245496835,OĽaNO,OĽaNO,1
Polis,2023-03-04,0.06412182245496835,OĽaNO,OĽaNO,1
AKO,2023-03-04,0.06412182245496835,OĽaNO,OĽaNO,1
Median,2023-03-04,0.06412182245496835,OĽaNO,OĽaNO,1
IPSOS,2023-03-04,0.06412182245496835,OĽaNO,OĽaNO,1
NMS,2023-03-04,0.06412182245496835,OĽaNO,OĽaNO,1
FOCUS,2023-03-04,0.07372042202876038,SME Rodina,SME Rodina,1
Polis,2023-03-04,0.07372042202876038,SME Rodina,SME Rodina,1
AKO,2023-03-04,0.07372042202876038,SME Rodina,SME Rodina,1
Median,2023-03-04,0.07372042202876038,SME Rodina,SME Rodina,1
IPSOS,2023-03-04,0.07372042202876038,SME Rodina,SME Rodina,1
NMS,2023-03-04,0.07372042202876038,SME Rodina,SME Rodina,1
FOCUS,2023-03-04,0.03396977118304806,SNS,SNS,1
Polis,2023-03-04,0.03396977118304806,SNS,SNS,1
AKO,2023-03-04,0.03396977118304806,SNS,SNS,1
Median,2023-03-04,0.03396977118304806,SNS,SNS,1
IPSOS,2023-03-04,0.03396977118304806,SNS,SNS,1
NMS,2023-03-04,0.03396977118304806,SNS,SNS,1
FOCUS,2023-03-04,0.06849638497162813,SaS,SaS,1
Polis,2023-03-04,0.06849638497162813,SaS,SaS,1
AKO,2023-03-04,0.06849638497162813,SaS,SaS,1
Median,2023-03-04,0.06849638497162813,SaS,SaS,1
IPSOS,2023-03-04,0.06849638497162813,SaS,SaS,1
NMS,2023-03-04,0.06849638497162813,SaS,SaS,1
FOCUS,2023-03-10,0.029404574602211363,Aliancia,Aliancia,1
Polis,2023-03-10,0.029404574602211363,Aliancia,Aliancia,1
AKO,2023-03-10,0.029404574602211363,Aliancia,Aliancia,1
Median,2023-03-10,0.029404574602211363,Aliancia,Aliancia,1
IPSOS,2023-03-10,0.029404574602211363,Aliancia,Aliancia,1
NMS,2023-03-10,0.029404574602211363,Aliancia,Aliancia,1
FOCUS,2023-03-10,0.06248459103502809,KDH,KDH,1
Polis,2023-03-10,0.06248459103502809,KDH,KDH,1
AKO,2023-03-10,0.06248459103502809,KDH,KDH,1
Median,2023-03-10,0.06248459103502809,KDH,KDH,1
IPSOS,2023-03-10,0.06248459103502809,KDH,KDH,1
NMS,2023-03-10,0.06248459103502809,KDH,KDH,1
FOCUS,2023-03-10,0.06282146745335411,OĽaNO,OĽaNO,1
Polis,2023-03-10,0.06282146745335411,OĽaNO,OĽaNO,1
AKO,2023-03-10,0.06282146745335411,OĽaNO,OĽaNO,1
Median,2023-03-10,0.06282146745335411,OĽaNO,OĽaNO,1
IPSOS,2023-03-10,0.06282146745335411,OĽaNO,OĽaNO,1
NMS,2023-03-10,0.06282146745335411,OĽaNO,OĽaNO,1
FOCUS,2023-03-10,0.07388428713258062,SME Rodina,SME Rodina,1
Polis,2023-03-10,0.07388428713258062,SME Rodina,SME Rodina,1
AKO,2023-03-10,0.07388428713258062,SME Rodina,SME Rodina,1
Median,2023-03-10,0.07388428713258062,SME Rodina,SME Rodina,1
IPSOS,2023-03-10,0.07388428713258062,SME Rodina,SME Rodina,1
NMS,2023-03-10,0.07388428713258062,SME Rodina,SME Rodina,1
FOCUS,2023-03-10,0.03400581076507065,SNS,SNS,1
Polis,2023-03-10,0.03400581076507065,SNS,SNS,1
AKO,2023-03-10,0.03400581076507065,SNS,SNS,1
Median,2023-03-10,0.03400581076507065,SNS,SNS,1
IPSOS,2023-03-10,0.03400581076507065,SNS,SNS,1
NMS,2023-03-10,0.03400581076507065,SNS,SNS,1
FOCUS,2023-03-10,0.0683748823713299,SaS,SaS,1
Polis,2023-03-10,0.0683748823713299,SaS,SaS,1
AKO,2023-03-10,0.0683748823713299,SaS,SaS,1
Median,2023-03-10,0.0683748823713299,SaS,SaS,1
IPSOS,2023-03-10,0.0683748823713299,SaS,SaS,1
NMS,2023-03-10,0.0683748823713299,SaS,SaS,1
FOCUS,2023-03-16,0.03014743774018178,Aliancia,Aliancia,1
Polis,2023-03-16,0.03014743774018178,Aliancia,Aliancia,1
AKO,2023-03-16,0.03014743774018178,Aliancia,Aliancia,1
Median,2023-03-16,0.03014743774018178,Aliancia,Aliancia,1
IPSOS,2023-03-16,0.03014743774018178,Aliancia,Aliancia,1
NMS,2023-03-16,0.03014743774018178,Aliancia,Aliancia,1
FOCUS,2023-03-16,0.0623043148398792,KDH,KDH,1
Polis,2023-03-16,0.0623043148398792,KDH,KDH,1
AKO,2023-03-16,0.0623043148398792,KDH,KDH,1
Median,2023-03-16,0.0623043148398792,KDH,KDH,1
IPSOS,2023-03-16,0.0623043148398792,KDH,KDH,1
NMS,2023-03-16,0.0623043148398792,KDH,KDH,1
FOCUS,2023-03-16,0.06211676333244008,OĽaNO,OĽaNO,1
Polis,2023-03-16,0.06211676333244008,OĽaNO,OĽaNO,1
AKO,2023-03-16,0.06211676333244008,OĽaNO,OĽaNO,1
Median,2023-03-16,0.06211676333244008,OĽaNO,OĽaNO,1
IPSOS,2023-03-16,0.06211676333244008,OĽaNO,OĽaNO,1
NMS,2023-03-16,0.06211676333244008,OĽaNO,OĽaNO,1
FOCUS,2023-03-16,0.07428797991218662,SME Rodina,SME Rodina,1
Polis,2023-03-16,0.07428797991218662,SME Rodina,SME Rodina,1
AKO,2023-03-16,0.07428797991218662,SME Rodina,SME Rodina,1
Median,2023-03-16,0.07428797991218662,SME Rodina,SME Rodina,1
IPSOS,2023-03-16,0.07428797991218662,SME Rodina,SME Rodina,1
NMS,2023-03-16,0.07428797991218662,SME Rodina,SME Rodina,1
FOCUS,2023-03-16,0.03370462322939084,SNS,SNS,1
Polis,2023-03-16,0.03370462322939084,SNS,SNS,1
AKO,2023-03-16,0.03370462322939084,SNS,SNS,1
Median,2023-03-16,0.03370462322939084,SNS,SNS,1
IPSOS,2023-03-16,0.03370462322939084,SNS,SNS,1
NMS,2023-03-16,0.03370462322939084,SNS,SNS,1
FOCUS,2023-03-16,0.06772866874192436,SaS,SaS,1
Polis,2023-03-16,0.06772866874192436,SaS,SaS,1
AKO,2023-03-16,0.06772866874192436,SaS,SaS,1
Median,2023-03-16,0.06772866874192436,SaS,SaS,1
IPSOS,2023-03-16,0.06772866874192436,SaS,SaS,1
NMS,2023-03-16,0.06772866874192436,SaS,SaS,1
FOCUS,2023-03-18,0.030279012427413397,Aliancia,Aliancia,1
Polis,2023-03-18,0.030279012427413397,Aliancia,Aliancia,1
AKO,2023-03-18,0.030279012427413397,Aliancia,Aliancia,1
Median,2023-03-18,0.030279012427413397,Aliancia,Aliancia,1
IPSOS,2023-03-18,0.030279012427413397,Aliancia,Aliancia,1
NMS,2023-03-18,0.030279012427413397,Aliancia,Aliancia,1
FOCUS,2023-03-18,0.062319582765705976,KDH,KDH,1
Polis,2023-03-18,0.062319582765705976,KDH,KDH,1
AKO,2023-03-18,0.062319582765705976,KDH,KDH,1
Median,2023-03-18,0.062319582765705976,KDH,KDH,1
IPSOS,2023-03-18,0.062319582765705976,KDH,KDH,1
NMS,2023-03-18,0.062319582765705976,KDH,KDH,1
FOCUS,2023-03-18,0.06208454129894333,OĽaNO,OĽaNO,1
Polis,2023-03-18,0.06208454129894333,OĽaNO,OĽaNO,1
AKO,2023-03-18,0.06208454129894333,OĽaNO,OĽaNO,1
Median,2023-03-18,0.06208454129894333,OĽaNO,OĽaNO,1
IPSOS,2023-03-18,0.06208454129894333,OĽaNO,OĽaNO,1
NMS,2023-03-18,0.06208454129894333,OĽaNO,OĽaNO,1
FOCUS,2023-03-18,0.07426998210036664,SME Rodina,SME Rodina,1
Polis,2023-03-18,0.07426998210036664,SME Rodina,SME Rodina,1
AKO,2023-03-18,0.07426998210036664,SME Rodina,SME Rodina,1
Median,2023-03-18,0.07426998210036664,SME Rodina,SME Rodina,1
IPSOS,2023-03-18,0.07426998210036664,SME Rodina,SME Rodina,1
NMS,2023-03-18,0.07426998210036664,SME Rodina,SME Rodina,1
FOCUS,2023-03-18,0.033658510811965324,SNS,SNS,1
Polis,2023-03-18,0.033658510811965324,SNS,SNS,1
AKO,2023-03-18,0.033658510811965324,SNS,SNS,1
Median,2023-03-18,0.033658510811965324,SNS,SNS,1
IPSOS,2023-03-18,0.033658510811965324,SNS,SNS,1
NMS,2023-03-18,0.033658510811965324,SNS,SNS,1
FOCUS,2023-03-18,0.06757113091313299,SaS,SaS,1
Polis,2023-03-18,0.06757113091313299,SaS,SaS,1
AKO,2023-03-18,0.06757113091313299,SaS,SaS,1
Median,2023-03-18,0.06757113091313299,SaS,SaS,1
IPSOS,2023-03-18,0.06757113091313299,SaS,SaS,1
NMS,2023-03-18,0.06757113091313299,SaS,SaS,1
FOCUS,2023-03-19,0.03022838316098805,Aliancia,Aliancia,1
Polis,2023-03-19,0.03022838316098805,Aliancia,Aliancia,1
AKO,2023-03-19,0.03022838316098805,Aliancia,Aliancia,1
Median,2023-03-19,0.03022838316098805,Aliancia,Aliancia,1
IPSOS,2023-03-19,0.03022838316098805,Aliancia,Aliancia,1
NMS,2023-03-19,0.03022838316098805,Aliancia,Aliancia,1
FOCUS,2023-03-19,0.06235734027053536,KDH,KDH,1
Polis,2023-03-19,0.06235734027053536,KDH,KDH,1
AKO,2023-03-19,0.06235734027053536,KDH,KDH,1
Median,2023-03-19,0.06235734027053536,KDH,KDH,1
IPSOS,2023-03-19,0.06235734027053536,KDH,KDH,1
NMS,2023-03-19,0.06235734027053536,KDH,KDH,1
FOCUS,2023-03-19,0.0622014207025364,OĽaNO,OĽaNO,1
Polis,2023-03-19,0.0622014207025364,OĽaNO,OĽaNO,1
AKO,2023-03-19,0.0622014207025364,OĽaNO,OĽaNO,1
Median,2023-03-19,0.0622014207025364,OĽaNO,OĽaNO,1
IPSOS,2023-03-19,0.0622014207025364,OĽaNO,OĽaNO,1
NMS,2023-03-19,0.0622014207025364,OĽaNO,OĽaNO,1
FOCUS,2023-03-19,0.07424193647205637,SME Rodina,SME Rodina,1
Polis,2023-03-19,0.07424193647205637,SME Rodina,SME Rodina,1
AKO,2023-03-19,0.07424193647205637,SME Rodina,SME Rodina,1
Median,2023-03-19,0.07424193647205637,SME Rodina,SME Rodina,1
IPSOS,2023-03-19,0.07424193647205637,SME Rodina,SME Rodina,1
NMS,2023-03-19,0.07424193647205637,SME Rodina,SME Rodina,1
FOCUS,2023-03-19,0.03363302821964502,SNS,SNS,1
Polis,2023-03-19,0.03363302821964502,SNS,SNS,1
AKO,2023-03-19,0.03363302821964502,SNS,SNS,1
Median,2023-03-19,0.03363302821964502,SNS,SNS,1
IPSOS,2023-03-19,0.03363302821964502,SNS,SNS,1
NMS,2023-03-19,0.03363302821964502,SNS,SNS,1
FOCUS,2023-03-19,0.06760770810075514,SaS,SaS,1
Polis,2023-03-19,0.06760770810075514,SaS,SaS,1
AKO,2023-03-19,0.06760770810075514,SaS,SaS,1
Median,2023-03-19,0.06760770810075514,SaS,SaS,1
IPSOS,2023-03-19,0.06760770810075514,SaS,SaS,1
NMS,2023-03-19,0.06760770810075514,SaS,SaS,1
FOCUS,2023-03-30,0.029311862423569528,Aliancia,Aliancia,1
Polis,2023-03-30,0.029311862423569528,Aliancia,Aliancia,1
AKO,2023-03-30,0.029311862423569528,Aliancia,Aliancia,1
Median,2023-03-30,0.029311862423569528,Aliancia,Aliancia,1
IPSOS,2023-03-30,0.029311862423569528,Aliancia,Aliancia,1
NMS,2023-03-30,0.029311862423569528,Aliancia,Aliancia,1
FOCUS,2023-03-30,0.06184373279140077,KDH,KDH,1
Polis,2023-03-30,0.06184373279140077,KDH,KDH,1
AKO,2023-03-30,0.06184373279140077,KDH,KDH,1
Median,2023-03-30,0.06184373279140077,KDH,KDH,1
IPSOS,2023-03-30,0.06184373279140077,KDH,KDH,1
NMS,2023-03-30,0.06184373279140077,KDH,KDH,1
FOCUS,2023-03-30,0.06253627495718797,OĽaNO,OĽaNO,1
Polis,2023-03-30,0.06253627495718797,OĽaNO,OĽaNO,1
AKO,2023-03-30,0.06253627495718797,OĽaNO,OĽaNO,1
Median,2023-03-30,0.06253627495718797,OĽaNO,OĽaNO,1
IPSOS,2023-03-30,0.06253627495718797,OĽaNO,OĽaNO,1
NMS,2023-03-30,0.06253627495718797,OĽaNO,OĽaNO,1
FOCUS,2023-03-30,0.07218819046187751,SME Rodina,SME Rodina,1
Polis,2023-03-30,0.07218819046187751,SME Rodina,SME Rodina,1
AKO,2023-03-30,0.07218819046187751,SME Rodina,SME Rodina,1
Median,2023-03-30,0.07218819046187751,SME Rodina,SME Rodina,1
IPSOS,2023-03-30,0.07218819046187751,SME Rodina,SME Rodina,1
NMS,2023-03-30,0.07218819046187751,SME Rodina,SME Rodina,1
FOCUS,2023-03-30,0.03454076218750493,SNS,SNS,1
Polis,2023-03-30,0.03454076218750493,SNS,SNS,1
AKO,2023-03-30,0.03454076218750493,SNS,SNS,1
Median,2023-03-30,0.03454076218750493,SNS,SNS,1
IPSOS,2023-03-30,0.03454076218750493,SNS,SNS,1
NMS,2023-03-30,0.03454076218750493,SNS,SNS,1
FOCUS,2023-03-30,0.06710074957231274,SaS,SaS,1
Polis,2023-03-30,0.06710074957231274,SaS,SaS,1
AKO,2023-03-30,0.06710074957231274,SaS,SaS,1
Median,2023-03-30,0.06710074957231274,SaS,SaS,1
IPSOS,2023-03-30,0.06710074957231274,SaS,SaS,1
NMS,2023-03-30,0.06710074957231274,SaS,SaS,1
FOCUS,2023-04-07,0.028562322200091656,Aliancia,Aliancia,1
Polis,2023-04-07,0.028562322200091656,Aliancia,Aliancia,1
AKO,2023-04-07,0.028562322200091656,Aliancia,Aliancia,1
Median,2023-04-07,0.028562322200091656,Aliancia,Aliancia,1
IPSOS,2023-04-07,0.028562322200091656,Aliancia,Aliancia,1
NMS,2023-04-07,0.028562322200091656,Aliancia,Aliancia,1
FOCUS,2023-04-07,0.061377042530206205,KDH,KDH,1
Polis,2023-04-07,0.061377042530206205,KDH,KDH,1
AKO,2023-04-07,0.061377042530206205,KDH,KDH,1
Median,2023-04-07,0.061377042530206205,KDH,KDH,1
IPSOS,2023-04-07,0.061377042530206205,KDH,KDH,1
NMS,2023-04-07,0.061377042530206205,KDH,KDH,1
FOCUS,2023-04-07,0.06343279418047618,OĽaNO,OĽaNO,1
Polis,2023-04-07,0.06343279418047618,OĽaNO,OĽaNO,1
AKO,2023-04-07,0.06343279418047618,OĽaNO,OĽaNO,1
Median,2023-04-07,0.06343279418047618,OĽaNO,OĽaNO,1
IPSOS,2023-04-07,0.06343279418047618,OĽaNO,OĽaNO,1
NMS,2023-04-07,0.06343279418047618,OĽaNO,OĽaNO,1
FOCUS,2023-04-07,0.07152150323805871,SME Rodina,SME Rodina,1
Polis,2023-04-07,0.07152150323805871,SME Rodina,SME Rodina,1
AKO,2023-04-07,0.07152150323805871,SME Rodina,SME Rodina,1
Median,2023-04-07,0.07152150323805871,SME Rodina,SME Rodina,1
IPSOS,2023-04-07,0.07152150323805871,SME Rodina,SME Rodina,1
NMS,2023-04-07,0.07152150323805871,SME Rodina,SME Rodina,1
FOCUS,2023-04-07,0.035880019110808105,SNS,SNS,1
Polis,2023-04-07,0.035880019110808105,SNS,SNS,1
AKO,2023-04-07,0.035880019110808105,SNS,SNS,1
Median,2023-04-07,0.035880019110808105,SNS,SNS,1
IPSOS,2023-04-07,0.035880019110808105,SNS,SNS,1
NMS,2023-04-07,0.035880019110808105,SNS,SNS,1
FOCUS,2023-04-07,0.06768397877197353,SaS,SaS,1
Polis,2023-04-07,0.06768397877197353,SaS,SaS,1
AKO,2023-04-07,0.06768397877197353,SaS,SaS,1
Median,2023-04-07,0.06768397877197353,SaS,SaS,1
IPSOS,2023-04-07,0.06768397877197353,SaS,SaS,1
NMS,2023-04-07,0.06768397877197353,SaS,SaS,1
FOCUS,2023-04-15,0.02825730929399524,Aliancia,Aliancia,1
Polis,2023-04-15,0.02825730929399524,Aliancia,Aliancia,1
AKO,2023-04-15,0.02825730929399524,Aliancia,Aliancia,1
Median,2023-04-15,0.02825730929399524,Aliancia,Aliancia,1
IPSOS,2023-04-15,0.02825730929399524,Aliancia,Aliancia,1
NMS,2023-04-15,0.02825730929399524,Aliancia,Aliancia,1
FOCUS,2023-04-15,0.06074111398180306,KDH,KDH,1
Polis,2023-04-15,0.06074111398180306,KDH,KDH,1
AKO,2023-04-15,0.06074111398180306,KDH,KDH,1
Median,2023-04-15,0.06074111398180306,KDH,KDH,1
IPSOS,2023-04-15,0.06074111398180306,KDH,KDH,1
NMS,2023-04-15,0.06074111398180306,KDH,KDH,1
FOCUS,2023-04-15,0.06467839512047593,OĽaNO,OĽaNO,1
Polis,2023-04-15,0.06467839512047593,OĽaNO,OĽaNO,1
AKO,2023-04-15,0.06467839512047593,OĽaNO,OĽaNO,1
Median,2023-04-15,0.06467839512047593,OĽaNO,OĽaNO,1
IPSOS,2023-04-15,0.06467839512047593,OĽaNO,OĽaNO,1
NMS,2023-04-15,0.06467839512047593,OĽaNO,OĽaNO,1
FOCUS,2023-04-15,0.07087272860827774,SME Rodina,SME Rodina,1
Polis,2023-04-15,0.07087272860827774,SME Rodina,SME Rodina,1
AKO,2023-04-15,0.07087272860827774,SME Rodina,SME Rodina,1
Median,2023-04-15,0.07087272860827774,SME Rodina,SME Rodina,1
IPSOS,2023-04-15,0.07087272860827774,SME Rodina,SME Rodina,1
NMS,2023-04-15,0.07087272860827774,SME Rodina,SME Rodina,1
FOCUS,2023-04-15,0.036813877263075445,SNS,SNS,1
Polis,2023-04-15,0.036813877263075445,SNS,SNS,1
AKO,2023-04-15,0.036813877263075445,SNS,SNS,1
Median,2023-04-15,0.036813877263075445,SNS,SNS,1
IPSOS,2023-04-15,0.036813877263075445,SNS,SNS,1
NMS,2023-04-15,0.036813877263075445,SNS,SNS,1
FOCUS,2023-04-15,0.06734753504947219,SaS,SaS,1
Polis,2023-04-15,0.06734753504947219,SaS,SaS,1
AKO,2023-04-15,0.06734753504947219,SaS,SaS,1
Median,2023-04-15,0.06734753504947219,SaS,SaS,1
IPSOS,2023-04-15,0.06734753504947219,SaS,SaS,1
NMS,2023-04-15,0.06734753504947219,SaS,SaS,1
FOCUS,2023-04-18,0.028239571214467716,Aliancia,Aliancia,1
Polis,2023-04-18,0.028239571214467716,Aliancia,Aliancia,1
AKO,2023-04-18,0.028239571214467716,Aliancia,Aliancia,1
Median,2023-04-18,0.028239571214467716,Aliancia,Aliancia,1
IPSOS,2023-04-18,0.028239571214467716,Aliancia,Aliancia,1
NMS,2023-04-18,0.028239571214467716,Aliancia,Aliancia,1
FOCUS,2023-04-18,0.0607919480339286,KDH,KDH,1
Polis,2023-04-18,0.0607919480339286,KDH,KDH,1
AKO,2023-04-18,0.0607919480339286,KDH,KDH,1
Median,2023-04-18,0.0607919480339286,KDH,KDH,1
IPSOS,2023-04-18,0.0607919480339286,KDH,KDH,1
NMS,2023-04-18,0.0607919480339286,KDH,KDH,1
FOCUS,2023-04-18,0.06502494826200006,OĽaNO,OĽaNO,1
Polis,2023-04-18,0.06502494826200006,OĽaNO,OĽaNO,1
AKO,2023-04-18,0.06502494826200006,OĽaNO,OĽaNO,1
Median,2023-04-18,0.06502494826200006,OĽaNO,OĽaNO,1
IPSOS,2023-04-18,0.06502494826200006,OĽaNO,OĽaNO,1
NMS,2023-04-18,0.06502494826200006,OĽaNO,OĽaNO,1
FOCUS,2023-04-18,0.0707854044124951,SME Rodina,SME Rodina,1
Polis,2023-04-18,0.0707854044124951,SME Rodina,SME Rodina,1
AKO,2023-04-18,0.0707854044124951,SME Rodina,SME Rodina,1
Median,2023-04-18,0.0707854044124951,SME Rodina,SME Rodina,1
IPSOS,2023-04-18,0.0707854044124951,SME Rodina,SME Rodina,1
NMS,2023-04-18,0.0707854044124951,SME Rodina,SME Rodina,1
FOCUS,2023-04-18,0.03704651347815322,SNS,SNS,1
Polis,2023-04-18,0.03704651347815322,SNS,SNS,1
AKO,2023-04-18,0.03704651347815322,SNS,SNS,1
Median,2023-04-18,0.03704651347815322,SNS,SNS,1
IPSOS,2023-04-18,0.03704651347815322,SNS,SNS,1
NMS,2023-04-18,0.03704651347815322,SNS,SNS,1
FOCUS,2023-04-18,0.06729732993821863,SaS,SaS,1
Polis,2023-04-18,0.06729732993821863,SaS,SaS,1
AKO,2023-04-18,0.06729732993821863,SaS,SaS,1
Median,2023-04-18,0.06729732993821863,SaS,SaS,1
IPSOS,2023-04-18,0.06729732993821863,SaS,SaS,1
NMS,2023-04-18,0.06729732993821863,SaS,SaS,1
FOCUS,2023-04-22,0.028315762563570823,Aliancia,Aliancia,1
Polis,2023-04-22,0.028315762563570823,Aliancia,Aliancia,1
AKO,2023-04-22,0.028315762563570823,Aliancia,Aliancia,1
Median,2023-04-22,0.028315762563570823,Aliancia,Aliancia,1
IPSOS,2023-04-22,0.028315762563570823,Aliancia,Aliancia,1
NMS,2023-04-22,0.028315762563570823,Aliancia,Aliancia,1
FOCUS,2023-04-22,0.060638049109786915,KDH,KDH,1
Polis,2023-04-22,0.060638049109786915,KDH,KDH,1
AKO,2023-04-22,0.060638049109786915,KDH,KDH,1
Median,2023-04-22,0.060638049109786915,KDH,KDH,1
IPSOS,2023-04-22,0.060638049109786915,KDH,KDH,1
NMS,2023-04-22,0.060638049109786915,KDH,KDH,1
FOCUS,2023-04-22,0.06506750942369885,OĽaNO,OĽaNO,1
Polis,2023-04-22,0.06506750942369885,OĽaNO,OĽaNO,1
AKO,2023-04-22,0.06506750942369885,OĽaNO,OĽaNO,1
Median,2023-04-22,0.06506750942369885,OĽaNO,OĽaNO,1
IPSOS,2023-04-22,0.06506750942369885,OĽaNO,OĽaNO,1
NMS,2023-04-22,0.06506750942369885,OĽaNO,OĽaNO,1
FOCUS,2023-04-22,0.07000671185087806,SME Rodina,SME Rodina,1
Polis,2023-04-22,0.07000671185087806,SME Rodina,SME Rodina,1
AKO,2023-04-22,0.07000671185087806,SME Rodina,SME Rodina,1
Median,2023-04-22,0.07000671185087806,SME Rodina,SME Rodina,1
IPSOS,2023-04-22,0.07000671185087806,SME Rodina,SME Rodina,1
NMS,2023-04-22,0.07000671185087806,SME Rodina,SME Rodina,1
FOCUS,2023-04-22,0.03742987694580426,SNS,SNS,1
Polis,2023-04-22,0.03742987694580426,SNS,SNS,1
AKO,2023-04-22,0.03742987694580426,SNS,SNS,1
Median,2023-04-22,0.03742987694580426,SNS,SNS,1
IPSOS,2023-04-22,0.03742987694580426,SNS,SNS,1
NMS,2023-04-22,0.03742987694580426,SNS,SNS,1
FOCUS,2023-04-22,0.06677184119868773,SaS,SaS,1
Polis,2023-04-22,0.06677184119868773,SaS,SaS,1
AKO,2023-04-22,0.06677184119868773,SaS,SaS,1
Median,2023-04-22,0.06677184119868773,SaS,SaS,1
IPSOS,2023-04-22,0.06677184119868773,SaS,SaS,1
NMS,2023-04-22,0.06677184119868773,SaS,SaS,1
FOCUS,2023-05-07,0.026765394649545967,Aliancia,Aliancia,1
Polis,2023-05-07,0.026765394649545967,Aliancia,Aliancia,1
AKO,2023-05-07,0.026765394649545967,Aliancia,Aliancia,1
Median,2023-05-07,0.026765394649545967,Aliancia,Aliancia,1
IPSOS,2023-05-07,0.026765394649545967,Aliancia,Aliancia,1
NMS,2023-05-07,0.026765394649545967,Aliancia,Aliancia,1
FOCUS,2023-05-07,0.06007313103666847,KDH,KDH,1
Polis,2023-05-07,0.06007313103666847,KDH,KDH,1
AKO,2023-05-07,0.06007313103666847,KDH,KDH,1
Median,2023-05-07,0.06007313103666847,KDH,KDH,1
IPSOS,2023-05-07,0.06007313103666847,KDH,KDH,1
NMS,2023-05-07,0.06007313103666847,KDH,KDH,1
FOCUS,2023-05-07,0.06640110835629996,OĽaNO,OĽaNO,1
Polis,2023-05-07,0.06640110835629996,OĽaNO,OĽaNO,1
AKO,2023-05-07,0.06640110835629996,OĽaNO,OĽaNO,1
Median,2023-05-07,0.06640110835629996,OĽaNO,OĽaNO,1
IPSOS,2023-05-07,0.06640110835629996,OĽaNO,OĽaNO,1
NMS,2023-05-07,0.06640110835629996,OĽaNO,OĽaNO,1
FOCUS,2023-05-07,0.06788432328978142,SME Rodina,SME Rodina,1
Polis,2023-05-07,0.06788432328978142,SME Rodina,SME Rodina,1
AKO,2023-05-07,0.06788432328978142,SME Rodina,SME Rodina,1
Median,2023-05-07,0.06788432328978142,SME Rodina,SME Rodina,1
IPSOS,2023-05-07,0.06788432328978142,SME Rodina,SME Rodina,1
NMS,2023-05-07,0.06788432328978142,SME Rodina,SME Rodina,1
FOCUS,2023-05-07,0.03871217954590815,SNS,SNS,1
Polis,2023-05-07,0.03871217954590815,SNS,SNS,1
AKO,2023-05-07,0.03871217954590815,SNS,SNS,1
Median,2023-05-07,0.03871217954590815,SNS,SNS,1
IPSOS,2023-05-07,0.03871217954590815,SNS,SNS,1
NMS,2023-05-07,0.03871217954590815,SNS,SNS,1
FOCUS,2023-05-07,0.06644687680068036,SaS,SaS,1
Polis,2023-05-07,0.06644687680068036,SaS,SaS,1
AKO,2023-05-07,0.06644687680068036,SaS,SaS,1
Median,2023-05-07,0.06644687680068036,SaS,SaS,1
IPSOS,2023-05-07,0.06644687680068036,SaS,SaS,1
NMS,2023-05-07,0.06644687680068036,SaS,SaS,1
FOCUS,2023-05-11,0.026862265236101367,Aliancia,Aliancia,1
Polis,2023-05-11,0.026862265236101367,Aliancia,Aliancia,1
AKO,2023-05-11,0.026862265236101367,Aliancia,Aliancia,1
Median,2023-05-11,0.026862265236101367,Aliancia,Aliancia,1
IPSOS,2023-05-11,0.026862265236101367,Aliancia,Aliancia,1
NMS,2023-05-11,0.026862265236101367,Aliancia,Aliancia,1
FOCUS,2023-05-11,0.059725179861812305,KDH,KDH,1
Polis,2023-05-11,0.059725179861812305,KDH,KDH,1
AKO,2023-05-11,0.059725179861812305,KDH,KDH,1
Median,2023-05-11,0.059725179861812305,KDH,KDH,1
IPSOS,2023-05-11,0.059725179861812305,KDH,KDH,1
NMS,2023-05-11,0.059725179861812305,KDH,KDH,1
FOCUS,2023-05-11,0.06651356057321316,OĽaNO,OĽaNO,1
Polis,2023-05-11,0.06651356057321316,OĽaNO,OĽaNO,1
AKO,2023-05-11,0.06651356057321316,OĽaNO,OĽaNO,1
Median,2023-05-11,0.06651356057321316,OĽaNO,OĽaNO,1
IPSOS,2023-05-11,0.06651356057321316,OĽaNO,OĽaNO,1
NMS,2023-05-11,0.06651356057321316,OĽaNO,OĽaNO,1
FOCUS,2023-05-11,0.06769849175060594,SME Rodina,SME Rodina,1
Polis,2023-05-11,0.06769849175060594,SME Rodina,SME Rodina,1
AKO,2023-05-11,0.06769849175060594,SME Rodina,SME Rodina,1
Median,2023-05-11,0.06769849175060594,SME Rodina,SME Rodina,1
IPSOS,2023-05-11,0.06769849175060594,SME Rodina,SME Rodina,1
NMS,2023-05-11,0.06769849175060594,SME Rodina,SME Rodina,1
FOCUS,2023-05-11,0.038886596139882774,SNS,SNS,1
Polis,2023-05-11,0.038886596139882774,SNS,SNS,1
AKO,2023-05-11,0.038886596139882774,SNS,SNS,1
Median,2023-05-11,0.038886596139882774,SNS,SNS,1
IPSOS,2023-05-11,0.038886596139882774,SNS,SNS,1
NMS,2023-05-11,0.038886596139882774,SNS,SNS,1
FOCUS,2023-05-11,0.06581512608181926,SaS,SaS,1
Polis,2023-05-11,0.06581512608181926,SaS,SaS,1
AKO,2023-05-11,0.06581512608181926,SaS,SaS,1
Median,2023-05-11,0.06581512608181926,SaS,SaS,1
IPSOS,2023-05-11,0.06581512608181926,SaS,SaS,1
NMS,2023-05-11,0.06581512608181926,SaS,SaS,1
FOCUS,2023-05-17,0.027055841588172445,Aliancia,Aliancia,1
Polis,2023-05-17,0.027055841588172445,Aliancia,Aliancia,1
AKO,2023-05-17,0.027055841588172445,Aliancia,Aliancia,1
Median,2023-05-17,0.027055841588172445,Aliancia,Aliancia,1
IPSOS,2023-05-17,0.027055841588172445,Aliancia,Aliancia,1
NMS,2023-05-17,0.027055841588172445,Aliancia,Aliancia,1
FOCUS,2023-05-17,0.0594256485929046,KDH,KDH,1
Polis,2023-05-17,0.0594256485929046,KDH,KDH,1
AKO,2023-05-17,0.0594256485929046,KDH,KDH,1
Median,2023-05-17,0.0594256485929046,KDH,KDH,1
IPSOS,2023-05-17,0.0594256485929046,KDH,KDH,1
NMS,2023-05-17,0.0594256485929046,KDH,KDH,1
FOCUS,2023-05-17,0.06635944248057539,OĽaNO,OĽaNO,1
Polis,2023-05-17,0.06635944248057539,OĽaNO,OĽaNO,1
AKO,2023-05-17,0.06635944248057539,OĽaNO,OĽaNO,1
Median,2023-05-17,0.06635944248057539,OĽaNO,OĽaNO,1
IPSOS,2023-05-17,0.06635944248057539,OĽaNO,OĽaNO,1
NMS,2023-05-17,0.06635944248057539,OĽaNO,OĽaNO,1
FOCUS,2023-05-17,0.06785094407024538,SME Rodina,SME Rodina,1
Polis,2023-05-17,0.06785094407024538,SME Rodina,SME Rodina,1
AKO,2023-05-17,0.06785094407024538,SME Rodina,SME Rodina,1
Median,2023-05-17,0.06785094407024538,SME Rodina,SME Rodina,1
IPSOS,2023-05-17,0.06785094407024538,SME Rodina,SME Rodina,1
NMS,2023-05-17,0.06785094407024538,SME Rodina,SME Rodina,1
FOCUS,2023-05-17,0.03955561046776101,SNS,SNS,1
Polis,2023-05-17,0.03955561046776101,SNS,SNS,1
AKO,2023-05-17,0.03955561046776101,SNS,SNS,1
Median,2023-05-17,0.03955561046776101,SNS,SNS,1
IPSOS,2023-05-17,0.03955561046776101,SNS,SNS,1
NMS,2023-05-17,0.03955561046776101,SNS,SNS,1
FOCUS,2023-05-17,0.06503024676513358,SaS,SaS,1
Polis,2023-05-17,0.06503024676513358,SaS,SaS,1
AKO,2023-05-17,0.06503024676513358,SaS,SaS,1
Median,2023-05-17,0.06503024676513358,SaS,SaS,1
IPSOS,2023-05-17,0.06503024676513358,SaS,SaS,1
NMS,2023-05-17,0.06503024676513358,SaS,SaS,1
FOCUS,2023-05-27,0.026434406555951154,Aliancia,Aliancia,1
Polis,2023-05-27,0.026434406555951154,Aliancia,Aliancia,1
AKO,2023-05-27,0.026434406555951154,Aliancia,Aliancia,1
Median,2023-05-27,0.026434406555951154,Aliancia,Aliancia,1
IPSOS,2023-05-27,0.026434406555951154,Aliancia,Aliancia,1
NMS,2023-05-27,0.026434406555951154,Aliancia,Aliancia,1
FOCUS,2023-05-27,0.0595464973407016,KDH,KDH,1
Polis,2023-05-27,0.0595464973407016,KDH,KDH,1
AKO,2023-05-27,0.0595464973407016,KDH,KDH,1
Median,2023-05-27,0.0595464973407016,KDH,KDH,1
IPSOS,2023-05-27,0.0595464973407016,KDH,KDH,1
NMS,2023-05-27,0.0595464973407016,KDH,KDH,1
FOCUS,2023-05-27,0.06576192802462119,OĽaNO,OĽaNO,1
Polis,2023-05-27,0.06576192802462119,OĽaNO,OĽaNO,1
AKO,2023-05-27,0.06576192802462119,OĽaNO,OĽaNO,1
Median,2023-05-27,0.06576192802462119,OĽaNO,OĽaNO,1
IPSOS,2023-05-27,0.06576192802462119,OĽaNO,OĽaNO,1
NMS,2023-05-27,0.06576192802462119,OĽaNO,OĽaNO,1
FOCUS,2023-05-27,0.06749150772515042,SME Rodina,SME Rodina,1
Polis,2023-05-27,0.06749150772515042,SME Rodina,SME Rodina,1
AKO,2023-05-27,0.06749150772515042,SME Rodina,SME Rodina,1
Median,2023-05-27,0.06749150772515042,SME Rodina,SME Rodina,1
IPSOS,2023-05-27,0.06749150772515042,SME Rodina,SME Rodina,1
NMS,2023-05-27,0.06749150772515042,SME Rodina,SME Rodina,1
FOCUS,2023-05-27,0.04088964684297856,SNS,SNS,1
Polis,2023-05-27,0.04088964684297856,SNS,SNS,1
AKO,2023-05-27,0.04088964684297856,SNS,SNS,1
Median,2023-05-27,0.04088964684297856,SNS,SNS,1
IPSOS,2023-05-27,0.04088964684297856,SNS,SNS,1
NMS,2023-05-27,0.04088964684297856,SNS,SNS,1
FOCUS,2023-05-27,0.06398286982707727,SaS,SaS,1
Polis,2023-05-27,0.06398286982707727,SaS,SaS,1
AKO,2023-05-27,0.06398286982707727,SaS,SaS,1
Median,2023-05-27,0.06398286982707727,SaS,SaS,1
IPSOS,2023-05-27,0.06398286982707727,SaS,SaS,1
NMS,2023-05-27,0.06398286982707727,SaS,SaS,1
FOCUS,2023-06-02,,Aliancia,Aliancia,1
Polis,2023-06-02,,Aliancia,Aliancia,1
AKO,2023-06-02,,Aliancia,Aliancia,1
Median,2023-06-02,,Aliancia,Aliancia,1
IPSOS,2023-06-02,,Aliancia,Aliancia,1
NMS,2023-06-02,,Aliancia,Aliancia,1
FOCUS,2023-06-02,0.05986568086298784,KDH,KDH,1
Polis,2023-06-02,0.05986568086298784,KDH,KDH,1
AKO,2023-06-02,0.05986568086298784,KDH,KDH,1
Median,2023-06-02,0.05986568086298784,KDH,KDH,1
IPSOS,2023-06-02,0.05986568086298784,KDH,KDH,1
NMS,2023-06-02,0.05986568086298784,KDH,KDH,1
FOCUS,2023-06-02,0.0660702160595979,OĽaNO,OĽaNO,1
Polis,2023-06-02,0.0660702160595979,OĽaNO,OĽaNO,1
AKO,2023-06-02,0.0660702160595979,OĽaNO,OĽaNO,1
Median,2023-06-02,0.0660702160595979,OĽaNO,OĽaNO,1
IPSOS,2023-06-02,0.0660702160595979,OĽaNO,OĽaNO,1
NMS,2023-06-02,0.0660702160595979,OĽaNO,OĽaNO,1
FOCUS,2023-06-02,0.06734585693079413,SME Rodina,SME Rodina,1
Polis,2023-06-02,0.06734585693079413,SME Rodina,SME Rodina,1
AKO,2023-06-02,0.06734585693079413,SME Rodina,SME Rodina,1
Median,2023-06-02,0.06734585693079413,SME Rodina,SME Rodina,1
IPSOS,2023-06-02,0.06734585693079413,SME Rodina,SME Rodina,1
NMS,2023-06-02,0.06734585693079413,SME Rodina,SME Rodina,1
FOCUS,2023-06-02,0.04139946346562693,SNS,SNS,1
Polis,2023-06-02,0.04139946346562693,SNS,SNS,1
AKO,2023-06-02,0.04139946346562693,SNS,SNS,1
Median,2023-06-02,0.04139946346562693,SNS,SNS,1
IPSOS,2023-06-02,0.04139946346562693,SNS,SNS,1
NMS,2023-06-02,0.04139946346562693,SNS,SNS,1
FOCUS,2023-06-02,0.06391370841667604,SaS,SaS,1
Polis,2023-06-02,0.06391370841667604,SaS,SaS,1
AKO,2023-06-02,0.06391370841667604,SaS,SaS,1
Median,2023-06-02,0.06391370841667604,SaS,SaS,1
IPSOS,2023-06-02,0.06391370841667604,SaS,SaS,1
NMS,2023-06-02,0.06391370841667604,SaS,SaS,1
FOCUS,2023-06-05,0.025428196252093055,Aliancia,Aliancia,1
Polis,2023-06-05,0.025428196252093055,Aliancia,Aliancia,1
AKO,2023-06-05,0.025428196252093055,Aliancia,Aliancia,1
Median,2023-06-05,0.025428196252093055,Aliancia,Aliancia,1
IPSOS,2023-06-05,0.025428196252093055,Aliancia,Aliancia,1
NMS,2023-06-05,0.025428196252093055,Aliancia,Aliancia,1
FOCUS,2023-06-05,0.05989165496660135,KDH,KDH,1
Polis,2023-06-05,0.05989165496660135,KDH,KDH,1
AKO,2023-06-05,0.05989165496660135,KDH,KDH,1
Median,2023-06-05,0.05989165496660135,KDH,KDH,1
IPSOS,2023-06-05,0.05989165496660135,KDH,KDH,1
NMS,2023-06-05,0.05989165496660135,KDH,KDH,1
FOCUS,2023-06-05,0.06609610070865557,OĽaNO,OĽaNO,1
Polis,2023-06-05,0.06609610070865557,OĽaNO,OĽaNO,1
AKO,2023-06-05,0.06609610070865557,OĽaNO,OĽaNO,1
Median,2023-06-05,0.06609610070865557,OĽaNO,OĽaNO,1
IPSOS,2023-06-05,0.06609610070865557,OĽaNO,OĽaNO,1
NMS,2023-06-05,0.06609610070865557,OĽaNO,OĽaNO,1
FOCUS,2023-06-05,0.06719791938900659,SME Rodina,SME Rodina,1
Polis,2023-06-05,0.06719791938900659,SME Rodina,SME Rodina,1
AKO,2023-06-05,0.06719791938900659,SME Rodina,SME Rodina,1
Median,2023-06-05,0.06719791938900659,SME Rodina,SME Rodina,1
IPSOS,2023-06-05,0.06719791938900659,SME Rodina,SME Rodina,1
NMS,2023-06-05,0.06719791938900659,SME Rodina,SME Rodina,1
FOCUS,2023-06-05,0.041538996915505465,SNS,SNS,1
Polis,2023-06-05,0.041538996915505465,SNS,SNS,1
AKO,2023-06-05,0.041538996915505465,SNS,SNS,1
Median,2023-06-05,0.041538996915505465,SNS,SNS,1
IPSOS,2023-06-05,0.041538996915505465,SNS,SNS,1
NMS,2023-06-05,0.041538996915505465,SNS,SNS,1
FOCUS,2023-06-05,0.06382096699406373,SaS,SaS,1
Polis,2023-06-05,0.06382096699406373,SaS,SaS,1
AKO,2023-06-05,0.06382096699406373,SaS,SaS,1
Median,2023-06-05,0.06382096699406373,SaS,SaS,1
IPSOS,2023-06-05,0.06382096699406373,SaS,SaS,1
NMS,2023-06-05,0.06382096699406373,SaS,SaS,1
FOCUS,2023-06-07,0.02534520517095055,Aliancia,Aliancia,1
Polis,2023-06-07,0.02534520517095055,Aliancia,Aliancia,1
AKO,2023-06-07,0.02534520517095055,Aliancia,Aliancia,1
Median,2023-06-07,0.02534520517095055,Aliancia,Aliancia,1
IPSOS,2023-06-07,0.02534520517095055,Aliancia,Aliancia,1
NMS,2023-06-07,0.02534520517095055,Aliancia,Aliancia,1
FOCUS,2023-06-07,0.059907827607084185,KDH,KDH,1
Polis,2023-06-07,0.059907827607084185,KDH,KDH,1
AKO,2023-06-07,0.059907827607084185,KDH,KDH,1
Median,2023-06-07,0.059907827607084185,KDH,KDH,1
IPSOS,2023-06-07,0.059907827607084185,KDH,KDH,1
NMS,2023-06-07,0.059907827607084185,KDH,KDH,1
FOCUS,2023-06-07,0.06617198654186005,OĽaNO,OĽaNO,1
Polis,2023-06-07,0.06617198654186005,OĽaNO,OĽaNO,1
AKO,2023-06-07,0.06617198654186005,OĽaNO,OĽaNO,1
Median,2023-06-07,0.06617198654186005,OĽaNO,OĽaNO,1
IPSOS,2023-06-07,0.06617198654186005,OĽaNO,OĽaNO,1
NMS,2023-06-07,0.06617198654186005,OĽaNO,OĽaNO,1
FOCUS,2023-06-07,0.06707933363049073,SME Rodina,SME Rodina,1
Polis,2023-06-07,0.06707933363049073,SME Rodina,SME Rodina,1
AKO,2023-06-07,0.06707933363049073,SME Rodina,SME Rodina,1
Median,2023-06-07,0.06707933363049073,SME Rodina,SME Rodina,1
IPSOS,2023-06-07,0.06707933363049073,SME Rodina,SME Rodina,1
NMS,2023-06-07,0.06707933363049073,SME Rodina,SME Rodina,1
FOCUS,2023-06-07,0.04168409648091179,SNS,SNS,1
Polis,2023-06-07,0.04168409648091179,SNS,SNS,1
AKO,2023-06-07,0.04168409648091179,SNS,SNS,1
Median,2023-06-07,0.04168409648091179,SNS,SNS,1
IPSOS,2023-06-07,0.04168409648091179,SNS,SNS,1
NMS,2023-06-07,0.04168409648091179,SNS,SNS,1
FOCUS,2023-06-07,0.06406978467457468,SaS,SaS,1
Polis,2023-06-07,0.06406978467457468,SaS,SaS,1
AKO,2023-06-07,0.06406978467457468,SaS,SaS,1
Median,2023-06-07,0.06406978467457468,SaS,SaS,1
IPSOS,2023-06-07,0.06406978467457468,SaS,SaS,1
NMS,2023-06-07,0.06406978467457468,SaS,SaS,1
FOCUS,2023-06-14,0.025933794219455377,Aliancia,Aliancia,1
Polis,2023-06-14,0.025933794219455377,Aliancia,Aliancia,1
AKO,2023-06-14,0.025933794219455377,Aliancia,Aliancia,1
Median,2023-06-14,0.025933794219455377,Aliancia,Aliancia,1
IPSOS,2023-06-14,0.025933794219455377,Aliancia,Aliancia,1
NMS,2023-06-14,0.025933794219455377,Aliancia,Aliancia,1
FOCUS,2023-06-14,0.05958962156842268,KDH,KDH,1
Polis,2023-06-14,0.05958962156842268,KDH,KDH,1
AKO,2023-06-14,0.05958962156842268,KDH,KDH,1
Median,2023-06-14,0.05958962156842268,KDH,KDH,1
IPSOS,2023-06-14,0.05958962156842268,KDH,KDH,1
NMS,2023-06-14,0.05958962156842268,KDH,KDH,1
FOCUS,2023-06-14,0.06612317550000965,OĽaNO,OĽaNO,1
Polis,2023-06-14,0.06612317550000965,OĽaNO,OĽaNO,1
AKO,2023-06-14,0.06612317550000965,OĽaNO,OĽaNO,1
Median,2023-06-14,0.06612317550000965,OĽaNO,OĽaNO,1
IPSOS,2023-06-14,0.06612317550000965,OĽaNO,OĽaNO,1
NMS,2023-06-14,0.06612317550000965,OĽaNO,OĽaNO,1
FOCUS,2023-06-14,0.06696885253496723,SME Rodina,SME Rodina,1
Polis,2023-06-14,0.06696885253496723,SME Rodina,SME Rodina,1
AKO,2023-06-14,0.06696885253496723,SME Rodina,SME Rodina,1
Median,2023-06-14,0.06696885253496723,SME Rodina,SME Rodina,1
IPSOS,2023-06-14,0.06696885253496723,SME Rodina,SME Rodina,1
NMS,2023-06-14,0.06696885253496723,SME Rodina,SME Rodina,1
FOCUS,2023-06-14,0.04188738795906986,SNS,SNS,1
Polis,2023-06-14,0.04188738795906986,SNS,SNS,1
AKO,2023-06-14,0.04188738795906986,SNS,SNS,1
Median,2023-06-14,0.04188738795906986,SNS,SNS,1
IPSOS,2023-06-14,0.04188738795906986,SNS,SNS,1
NMS,2023-06-14,0.04188738795906986,SNS,SNS,1
FOCUS,2023-06-14,0.06405367826437836,SaS,SaS,1
Polis,2023-06-14,0.06405367826437836,SaS,SaS,1
AKO,2023-06-14,0.06405367826437836,SaS,SaS,1
Median,2023-06-14,0.06405367826437836,SaS,SaS,1
IPSOS,2023-06-14,0.06405367826437836,SaS,SaS,1
NMS,2023-06-14,0.06405367826437836,SaS,SaS,1
FOCUS,2023-07-06,0.027586327126761616,Aliancia,Aliancia,1
Polis,2023-07-06,0.027586327126761616,Aliancia,Aliancia,1
AKO,2023-07-06,0.027586327126761616,Aliancia,Aliancia,1
Median,2023-07-06,0.027586327126761616,Aliancia,Aliancia,1
IPSOS,2023-07-06,0.027586327126761616,Aliancia,Aliancia,1
NMS,2023-07-06,0.027586327126761616,Aliancia,Aliancia,1
FOCUS,2023-07-06,0.05905908280264878,KDH,KDH,1
Polis,2023-07-06,0.05905908280264878,KDH,KDH,1
AKO,2023-07-06,0.05905908280264878,KDH,KDH,1
Median,2023-07-06,0.05905908280264878,KDH,KDH,1
IPSOS,2023-07-06,0.05905908280264878,KDH,KDH,1
NMS,2023-07-06,0.05905908280264878,KDH,KDH,1
FOCUS,2023-07-06,0.06671255386254107,OĽaNO,OĽaNO,1
Polis,2023-07-06,0.06671255386254107,OĽaNO,OĽaNO,1
AKO,2023-07-06,0.06671255386254107,OĽaNO,OĽaNO,1
Median,2023-07-06,0.06671255386254107,OĽaNO,OĽaNO,1
IPSOS,2023-07-06,0.06671255386254107,OĽaNO,OĽaNO,1
NMS,2023-07-06,0.06671255386254107,OĽaNO,OĽaNO,1
FOCUS,2023-07-06,0.06410703756032089,SME Rodina,SME Rodina,1
Polis,2023-07-06,0.06410703756032089,SME Rodina,SME Rodina,1
AKO,2023-07-06,0.06410703756032089,SME Rodina,SME Rodina,1
Median,2023-07-06,0.06410703756032089,SME Rodina,SME Rodina,1
IPSOS,2023-07-06,0.06410703756032089,SME Rodina,SME Rodina,1
NMS,2023-07-06,0.06410703756032089,SME Rodina,SME Rodina,1
FOCUS,2023-07-06,0.042729943544375315,SNS,SNS,1
Polis,2023-07-06,0.042729943544375315,SNS,SNS,1
AKO,2023-07-06,0.042729943544375315,SNS,SNS,1
Median,2023-07-06,0.042729943544375315,SNS,SNS,1
IPSOS,2023-07-06,0.042729943544375315,SNS,SNS,1
NMS,2023-07-06,0.042729943544375315,SNS,SNS,1
FOCUS,2023-07-06,0.060559871474763376,SaS,SaS,1
Polis,2023-07-06,0.060559871474763376,SaS,SaS,1
AKO,2023-07-06,0.060559871474763376,SaS,SaS,1
Median,2023-07-06,0.060559871474763376,SaS,SaS,1
IPSOS,2023-07-06,0.060559871474763376,SaS,SaS,1
NMS,2023-07-06,0.060559871474763376,SaS,SaS,1
AKO,2023-01-13,0.091,,SaS,6
IPSOS,2023-01-19,0.069,,SaS,6
Median,2023-01-22,0.078,,SaS,6
Polis,2023-01-30,0.052000000000000005,,SaS,6
FOCUS,2023-02-04,0.053,,SaS,6
AKO,2023-02-10,0.079,,SaS,6
Median,2023-02-17,0.092,,SaS,6
Polis,2023-02-17,0.064,,SaS,6
NMS,2023-03-04,0.055999999999999994,,SaS,6
AKO,2023-03-10,0.081,,SaS,6
IPSOS,2023-03-16,0.064,,SaS,6
FOCUS,2023-03-18,0.051,,SaS,6
Median,2023-03-19,0.079,,SaS,6
NMS,2023-03-30,0.051,,SaS,6
AKO,2023-04-07,0.083,,SaS,6
IPSOS,2023-04-15,0.064,,SaS,6
Median,2023-04-18,0.08199999999999999,,SaS,6
FOCUS,2023-04-22,0.052000000000000005,,SaS,6
AKO,2023-05-07,0.083,,SaS,6
NMS,2023-05-11,0.062,,SaS,6
IPSOS,2023-05-17,0.061,,SaS,6
FOCUS,2023-05-27,0.053,,SaS,6
Median,2023-06-02,0.066,,SaS,6
NMS,2023-06-05,0.047,,SaS,6
AKO,2023-06-07,0.078,,SaS,6
IPSOS,2023-06-14,0.07200000000000001,,SaS,6
NMS,2023-07-06,0.047,,SaS,6
AKO,2023-01-13,0.087,,OĽaNO,6
IPSOS,2023-01-19,0.081,,OĽaNO,6
Median,2023-01-22,0.087,,OĽaNO,6
Polis,2023-01-30,0.07200000000000001,,OĽaNO,6
FOCUS,2023-02-04,0.064,,OĽaNO,6
AKO,2023-02-10,0.073,,OĽaNO,6
Median,2023-02-17,0.085,,OĽaNO,6
Polis,2023-02-17,0.065,,OĽaNO,6
NMS,2023-03-04,0.057,,OĽaNO,6
AKO,2023-03-10,0.05,,OĽaNO,6
IPSOS,2023-03-16,0.048,,OĽaNO,6
FOCUS,2023-03-18,0.043,,OĽaNO,6
Median,2023-03-19,0.075,,OĽaNO,6
NMS,2023-03-30,0.052000000000000005,,OĽaNO,6
AKO,2023-04-07,0.057999999999999996,,OĽaNO,6
IPSOS,2023-04-15,0.07,,OĽaNO,6
Median,2023-04-18,0.079,,OĽaNO,6
FOCUS,2023-04-22,0.055999999999999994,,OĽaNO,6
AKO,2023-05-07,0.07400000000000001,,OĽaNO,6
NMS,2023-05-11,0.073,,OĽaNO,6
IPSOS,2023-05-17,0.07,,OĽaNO,6
FOCUS,2023-05-27,0.053,,OĽaNO,6
Median,2023-06-02,0.071,,OĽaNO,6
NMS,2023-06-05,0.063,,OĽaNO,6
AKO,2023-06-07,0.071,,OĽaNO,6
IPSOS,2023-06-14,0.064,,OĽaNO,6
NMS,2023-07-06,0.069,,OĽaNO,6
AKO,2023-01-13,0.040999999999999995,,SNS,6
IPSOS,2023-01-19,0.028999999999999998,,SNS,6
Median,2023-01-22,0.02,,SNS,6
Polis,2023-01-30,0.038,,SNS,6
FOCUS,2023-02-04,0.036000000000000004,,SNS,6
AKO,2023-02-10,0.04,,SNS,6
Median,2023-02-17,0.042,,SNS,6
Polis,2023-02-17,0.039,,SNS,6
NMS,2023-03-04,0.026000000000000002,,SNS,6
AKO,2023-03-10,0.042,,SNS,6
IPSOS,2023-03-16,0.03,,SNS,6
FOCUS,2023-03-18,0.034,,SNS,6
Median,2023-03-19,0.019,,SNS,6
NMS,2023-03-30,0.024,,SNS,6
AKO,2023-04-07,0.043,,SNS,6
IPSOS,2023-04-15,0.042,,SNS,6
Median,2023-04-18,0.035,,SNS,6
FOCUS,2023-04-22,0.04,,SNS,6
AKO,2023-05-07,0.044000000000000004,,SNS,6
NMS,2023-05-11,0.031,,SNS,6
IPSOS,2023-05-17,0.038,,SNS,6
FOCUS,2023-05-27,0.047,,SNS,6
Median,2023-06-02,0.046,,SNS,6
NMS,2023-06-05,0.039,,SNS,6
AKO,2023-06-07,0.047,,SNS,6
IPSOS,2023-06-14,0.043,,SNS,6
NMS,2023-07-06,0.046,,SNS,6
AKO,2023-01-13,0.068,,SME Rodina,6
IPSOS,2023-01-19,0.08,,SME Rodina,6
Median,2023-01-22,0.109,,SME Rodina,6
Polis,2023-01-30,0.065,,SME Rodina,6
FOCUS,2023-02-04,0.077,,SME Rodina,6
AKO,2023-02-10,0.071,,SME Rodina,6
Median,2023-02-17,0.07400000000000001,,SME Rodina,6
Polis,2023-02-17,0.059000000000000004,,SME Rodina,6
NMS,2023-03-04,0.073,,SME Rodina,6
AKO,2023-03-10,0.068,,SME Rodina,6
IPSOS,2023-03-16,0.085,,SME Rodina,6
FOCUS,2023-03-18,0.077,,SME Rodina,6
Median,2023-03-19,0.095,,SME Rodina,6
NMS,2023-03-30,0.057,,SME Rodina,6
AKO,2023-04-07,0.071,,SME Rodina,6
IPSOS,2023-04-15,0.064,,SME Rodina,6
Median,2023-04-18,0.092,,SME Rodina,6
FOCUS,2023-04-22,0.061,,SME Rodina,6
AKO,2023-05-07,0.055999999999999994,,SME Rodina,6
NMS,2023-05-11,0.059000000000000004,,SME Rodina,6
IPSOS,2023-05-17,0.075,,SME Rodina,6
FOCUS,2023-05-27,0.066,,SME Rodina,6
Median,2023-06-02,0.07,,SME Rodina,6
NMS,2023-06-05,0.068,,SME Rodina,6
AKO,2023-06-07,0.062,,SME Rodina,6
IPSOS,2023-06-14,0.07200000000000001,,SME Rodina,6
NMS,2023-07-06,0.053,,SME Rodina,6
AKO,2023-01-13,0.062,,KDH,6
IPSOS,2023-01-19,0.065,,KDH,6
Median,2023-01-22,0.064,,KDH,6
Polis,2023-01-30,0.05,,KDH,6
FOCUS,2023-02-04,0.069,,KDH,6
AKO,2023-02-10,0.069,,KDH,6
Median,2023-02-17,0.063,,KDH,6
Polis,2023-02-17,0.064,,KDH,6
NMS,2023-03-04,0.059000000000000004,,KDH,6
AKO,2023-03-10,0.067,,KDH,6
IPSOS,2023-03-16,0.057,,KDH,6
FOCUS,2023-03-18,0.057999999999999996,,KDH,6
Median,2023-03-19,0.07400000000000001,,KDH,6
NMS,2023-03-30,0.063,,KDH,6
AKO,2023-04-07,0.064,,KDH,6
IPSOS,2023-04-15,0.048,,KDH,6
Median,2023-04-18,0.068,,KDH,6
FOCUS,2023-04-22,0.06,,KDH,6
AKO,2023-05-07,0.066,,KDH,6
NMS,2023-05-11,0.055,,KDH,6
IPSOS,2023-05-17,0.052000000000000005,,KDH,6
FOCUS,2023-05-27,0.055,,KDH,6
Median,2023-06-02,0.065,,KDH,6
NMS,2023-06-05,0.06,,KDH,6
AKO,2023-06-07,0.065,,KDH,6
IPSOS,2023-06-14,0.055999999999999994,,KDH,6
NMS,2023-07-06,0.057,,KDH,6
AKO,2023-01-13,0.021,,Aliancia,6
IPSOS,2023-01-19,0.032,,Aliancia,6
Median,2023-01-22,0.04,,Aliancia,6
Polis,2023-01-30,0.047,,Aliancia,6
FOCUS,2023-02-04,0.045,,Aliancia,6
AKO,2023-02-10,0.021,,Aliancia,6
Median,2023-02-17,0.026000000000000002,,Aliancia,6
Polis,2023-02-17,0.046,,Aliancia,6
NMS,2023-03-04,,,Aliancia,6
AKO,2023-03-10,0.019,,Aliancia,6
IPSOS,2023-03-16,0.038,,Aliancia,6
FOCUS,2023-03-18,0.047,,Aliancia,6
Median,2023-03-19,0.034,,Aliancia,6
NMS,2023-03-30,0.03,,Aliancia,6
AKO,2023-04-07,0.021,,Aliancia,6
IPSOS,2023-04-15,0.024,,Aliancia,6
Median,2023-04-18,0.025,,Aliancia,6
FOCUS,2023-04-22,0.043,,Aliancia,6
AKO,2023-05-07,0.011000000000000001,,Aliancia,6
NMS,2023-05-11,0.026000000000000002,,Aliancia,6
IPSOS,2023-05-17,0.038,,Aliancia,6
FOCUS,2023-05-27,0.04,,Aliancia,6
Median,2023-06-02,,,Aliancia,6
NMS,2023-06-05,0.034,,Aliancia,6
AKO,2023-06-07,0.013000000000000001,,Aliancia,6
IPSOS,2023-06-14,0.031,,Aliancia,6
NMS,2023-07-06,0.034,,Aliancia,6
